frame,time,left_density,right_density,total_density
0,0.0,6,12,18
1,0.04,6,12,18
2,0.08,6,13,19
3,0.12,6,13,19
4,0.16,6,13,19
5,0.2,6,13,19
6,0.24,5,13,18
7,0.28,5,13,18
8,0.32,5,13,18
9,0.36,5,13,18
10,0.4,5,13,18
11,0.44,5,14,19
12,0.48,6,14,20
13,0.52,6,14,20
14,0.56,6,14,20
15,0.6,6,14,20
16,0.64,6,14,20
17,0.68,6,14,20
18,0.72,6,13,19
19,0.76,6,13,19
20,0.8,6,13,19
21,0.84,6,14,20
22,0.88,6,15,21
23,0.92,6,16,22
24,0.96,6,16,22
25,1.0,6,15,21
26,1.04,6,15,21
27,1.08,6,15,21
28,1.12,5,14,19
29,1.16,4,15,19
30,1.2,5,16,21
31,1.24,5,16,21
32,1.28,6,15,21
33,1.32,6,16,22
34,1.36,6,16,22
35,1.4,6,16,22
36,1.44,6,14,20
37,1.48,6,15,21
38,1.52,6,15,21
39,1.56,6,15,21
40,1.6,6,15,21
41,1.64,6,14,20
42,1.68,6,14,20
43,1.72,6,15,21
44,1.76,6,15,21
45,1.8,6,15,21
46,1.84,6,15,21
47,1.88,6,15,21
48,1.92,6,15,21
49,1.96,6,15,21
50,2.0,5,15,20
51,2.04,5,15,20
52,2.08,5,15,20
53,2.12,5,15,20
54,2.16,5,15,20
55,2.2,5,15,20
56,2.24,6,15,21
57,2.28,6,15,21
58,2.32,6,15,21
59,2.36,6,16,22
60,2.4,6,16,22
61,2.44,6,16,22
62,2.48,6,15,21
63,2.52,5,15,20
64,2.56,5,15,20
65,2.6,4,15,19
66,2.64,4,15,19
67,2.68,4,15,19
68,2.72,4,14,18
69,2.76,4,14,18
70,2.8,4,14,18
71,2.84,4,14,18
72,2.88,4,14,18
73,2.92,4,14,18
74,2.96,4,15,19
75,3.0,4,15,19
76,3.04,4,15,19
77,3.08,4,15,19
78,3.12,6,15,21
79,3.16,6,14,20
80,3.2,6,15,21
81,3.24,6,16,22
82,3.28,7,16,23
83,3.32,7,15,22
84,3.36,7,15,22
85,3.4,7,15,22
86,3.44,7,15,22
87,3.48,7,16,23
88,3.52,7,16,23
89,3.56,7,16,23
90,3.6,7,16,23
91,3.64,7,15,22
92,3.68,7,15,22
93,3.72,7,16,23
94,3.76,6,15,21
95,3.8,7,15,22
96,3.84,8,14,22
97,3.88,8,14,22
98,3.92,8,15,23
99,3.96,8,15,23
100,4.0,8,16,24
101,4.04,8,15,23
102,4.08,8,15,23
103,4.12,8,15,23
104,4.16,8,15,23
105,4.2,8,16,24
106,4.24,8,16,24
107,4.28,8,16,24
108,4.32,8,16,24
109,4.36,8,16,24
110,4.4,9,15,24
111,4.44,9,15,24
112,4.48,9,15,24
113,4.52,8,15,23
114,4.56,8,15,23
115,4.6,8,15,23
116,4.64,7,15,22
117,4.68,7,15,22
118,4.72,7,15,22
119,4.76,7,15,22
120,4.8,7,15,22
121,4.84,7,14,21
122,4.88,7,14,21
123,4.92,7,14,21
124,4.96,7,14,21
125,5.0,6,14,20
126,5.04,6,14,20
127,5.08,6,15,21
128,5.12,6,15,21
129,5.16,6,14,20
130,5.2,6,14,20
131,5.24,6,14,20
132,5.28,7,14,21
133,5.32,7,13,20
134,5.36,7,12,19
135,5.4,7,12,19
136,5.44,7,14,21
137,5.48,7,16,23
138,5.52,7,14,21
139,5.56,7,14,21
140,5.6,7,15,22
141,5.64,7,14,21
142,5.68,7,15,22
143,5.72,7,15,22
144,5.76,7,15,22
145,5.8,7,15,22
146,5.84,7,14,21
147,5.88,7,14,21
148,5.92,7,14,21
149,5.96,7,14,21
150,6.0,7,14,21
151,6.04,7,14,21
152,6.08,7,14,21
153,6.12,7,14,21
154,6.16,7,14,21
155,6.2,7,13,20
156,6.24,7,13,20
157,6.28,8,13,21
158,6.32,8,13,21
159,6.36,8,12,20
160,6.4,8,12,20
161,6.44,8,12,20
162,6.48,8,12,20
163,6.52,8,12,20
164,6.56,9,12,21
165,6.6,9,12,21
166,6.64,9,12,21
167,6.68,9,12,21
168,6.72,9,12,21
169,6.76,10,12,22
170,6.8,10,12,22
171,6.84,10,12,22
172,6.88,8,12,20
173,6.92,8,11,19
174,6.96,9,11,20
175,7.0,11,11,22
176,7.04,11,11,22
177,7.08,11,12,23
178,7.12,11,12,23
179,7.16,12,12,24
180,7.2,12,12,24
181,7.24,12,12,24
182,7.28,12,12,24
183,7.32,12,13,25
184,7.36,12,13,25
185,7.4,12,13,25
186,7.44,12,13,25
187,7.48,12,13,25
188,7.52,12,12,24
189,7.56,11,13,24
190,7.6,11,12,23
191,7.64,11,13,24
192,7.68,11,13,24
193,7.72,10,13,23
194,7.76,10,14,24
195,7.8,10,14,24
196,7.84,10,14,24
197,7.88,10,13,23
198,7.92,10,13,23
199,7.96,10,12,22
200,8.0,10,12,22
201,8.04,10,12,22
202,8.08,10,12,22
203,8.12,10,12,22
204,8.16,10,11,21
205,8.2,10,11,21
206,8.24,10,12,22
207,8.28,10,11,21
208,8.32,11,11,22
209,8.36,10,10,20
210,8.4,10,11,21
211,8.44,10,11,21
212,8.48,10,11,21
213,8.52,10,10,20
214,8.56,10,10,20
215,8.6,10,10,20
216,8.64,10,9,19
217,8.68,10,9,19
218,8.72,11,9,20
219,8.76,11,9,20
220,8.8,12,9,21
221,8.84,11,8,19
222,8.88,12,9,21
223,8.92,11,9,20
224,8.96,13,10,23
225,9.0,12,11,23
226,9.04,12,11,23
227,9.08,13,10,23
228,9.12,11,10,21
229,9.16,11,10,21
230,9.2,12,10,22
231,9.24,12,10,22
232,9.28,13,10,23
233,9.32,13,10,23
234,9.36,13,9,22
235,9.4,14,9,23
236,9.44,13,9,22
237,9.48,13,8,21
238,9.52,12,9,21
239,9.56,12,9,21
240,9.6,13,9,22
241,9.64,13,9,22
242,9.68,12,9,21
243,9.72,13,9,22
244,9.76,15,9,24
245,9.8,15,8,23
246,9.84,15,8,23
247,9.88,14,8,22
248,9.92,14,8,22
249,9.96,12,8,20
250,10.0,13,9,22
251,10.04,15,8,23
252,10.08,14,8,22
253,10.12,14,8,22
254,10.16,14,8,22
255,10.2,15,9,24
256,10.24,15,9,24
257,10.28,15,8,23
258,10.32,16,8,24
259,10.36,16,8,24
260,10.4,16,8,24
261,10.44,15,8,23
262,10.48,14,8,22
263,10.52,14,8,22
264,10.56,13,9,22
265,10.6,13,9,22
266,10.64,13,9,22
267,10.68,13,10,23
268,10.72,13,10,23
269,10.76,13,11,24
270,10.8,13,10,23
271,10.84,14,10,24
272,10.88,13,9,22
273,10.92,13,8,21
274,10.96,13,7,20
275,11.0,13,7,20
276,11.04,12,7,19
277,11.08,12,8,20
278,11.12,12,8,20
279,11.16,13,8,21
280,11.2,13,8,21
281,11.24,13,8,21
282,11.28,13,8,21
283,11.32,13,8,21
284,11.36,13,8,21
285,11.4,13,8,21
286,11.44,13,8,21
287,11.48,13,8,21
288,11.52,12,7,19
289,11.56,12,7,19
290,11.6,12,7,19
291,11.64,13,7,20
292,11.68,13,7,20
293,11.72,13,8,21
294,11.76,14,8,22
295,11.8,12,9,21
296,11.84,12,7,19
297,11.88,12,8,20
298,11.92,12,6,18
299,11.96,11,6,17
300,12.0,11,6,17
301,12.04,11,6,17
302,12.08,12,6,18
303,12.12,12,6,18
304,12.16,12,6,18
305,12.2,12,6,18
306,12.24,12,6,18
307,12.28,12,6,18
308,12.32,12,6,18
309,12.36,10,7,17
310,12.4,11,9,20
311,12.44,12,9,21
312,12.48,11,9,20
313,12.52,12,9,21
314,12.56,12,9,21
315,12.6,12,10,22
316,12.64,12,10,22
317,12.68,10,10,20
318,12.72,11,10,21
319,12.76,11,10,21
320,12.8,11,10,21
321,12.84,11,8,19
322,12.88,10,8,18
323,12.92,10,10,20
324,12.96,10,10,20
325,13.0,10,9,19
326,13.04,10,9,19
327,13.08,10,8,18
328,13.12,10,8,18
329,13.16,9,8,17
330,13.2,9,8,17
331,13.24,9,8,17
332,13.28,9,8,17
333,13.32,9,8,17
334,13.36,9,8,17
335,13.4,9,8,17
336,13.44,9,9,18
337,13.48,9,9,18
338,13.52,9,8,17
339,13.56,8,9,17
340,13.6,8,8,16
341,13.64,8,8,16
342,13.68,10,9,19
343,13.72,10,7,17
344,13.76,10,8,18
345,13.8,10,9,19
346,13.84,10,8,18
347,13.88,11,9,20
348,13.92,11,9,20
349,13.96,9,9,18
350,14.0,8,9,17
351,14.04,8,9,17
352,14.08,8,9,17
353,14.12,9,9,18
354,14.16,10,9,19
355,14.2,10,9,19
356,14.24,11,10,21
357,14.28,10,10,20
358,14.32,10,9,19
359,14.36,10,8,18
360,14.4,9,9,18
361,14.44,8,9,17
362,14.48,9,8,17
363,14.52,10,8,18
364,14.56,10,9,19
365,14.6,11,9,20
366,14.64,11,9,20
367,14.68,11,9,20
368,14.72,11,9,20
369,14.76,11,9,20
370,14.8,9,9,18
371,14.84,10,8,18
372,14.88,11,7,18
373,14.92,10,7,17
374,14.96,10,7,17
375,15.0,9,7,16
376,15.04,9,8,17
377,15.08,9,8,17
378,15.12,9,8,17
379,15.16,9,9,18
380,15.2,9,9,18
381,15.24,9,8,17
382,15.28,9,8,17
383,15.32,9,8,17
384,15.36,9,8,17
385,15.4,9,8,17
386,15.44,10,8,18
387,15.48,9,8,17
388,15.52,9,8,17
389,15.56,9,8,17
390,15.6,9,9,18
391,15.64,9,9,18
392,15.68,9,10,19
393,15.72,10,10,20
394,15.76,10,10,20
395,15.8,10,10,20
396,15.84,10,10,20
397,15.88,10,11,21
398,15.92,10,11,21
399,15.96,9,11,20
400,16.0,9,10,19
401,16.04,10,10,20
402,16.08,10,10,20
403,16.12,9,10,19
404,16.16,10,9,19
405,16.2,10,10,20
406,16.24,10,10,20
407,16.28,10,10,20
408,16.32,10,10,20
409,16.36,10,10,20
410,16.4,10,10,20
411,16.44,10,10,20
412,16.48,11,10,21
413,16.52,11,10,21
414,16.56,9,10,19
415,16.6,10,10,20
416,16.64,10,10,20
417,16.68,10,10,20
418,16.72,11,11,22
419,16.76,12,10,22
420,16.8,12,10,22
421,16.84,12,10,22
422,16.88,12,10,22
423,16.92,13,10,23
424,16.96,14,10,24
425,17.0,14,10,24
426,17.04,13,10,23
427,17.08,15,9,24
428,17.12,14,9,23
429,17.16,14,9,23
430,17.2,14,9,23
431,17.24,14,9,23
432,17.28,15,10,25
433,17.32,15,11,26
434,17.36,15,11,26
435,17.4,15,11,26
436,17.44,15,11,26
437,17.48,16,11,27
438,17.52,13,11,24
439,17.56,15,11,26
440,17.6,15,11,26
441,17.64,13,11,24
442,17.68,13,11,24
443,17.72,13,11,24
444,17.76,13,12,25
445,17.8,13,11,24
446,17.84,13,12,25
447,17.88,13,11,24
448,17.92,13,11,24
449,17.96,13,11,24
450,18.0,13,10,23
451,18.04,13,9,22
452,18.08,13,10,23
453,18.12,12,8,20
454,18.16,12,9,21
455,18.2,12,9,21
456,18.24,11,10,21
457,18.28,11,11,22
458,18.32,11,10,21
459,18.36,11,10,21
460,18.4,11,11,22
461,18.44,11,11,22
462,18.48,10,11,21
463,18.52,12,10,22
464,18.56,11,10,21
465,18.6,11,10,21
466,18.64,12,10,22
467,18.68,11,9,20
468,18.72,12,9,21
469,18.76,12,9,21
470,18.8,12,10,22
471,18.84,12,10,22
472,18.88,12,8,20
473,18.92,13,9,22
474,18.96,13,9,22
475,19.0,12,10,22
476,19.04,12,8,20
477,19.08,13,9,22
478,19.12,13,9,22
479,19.16,13,9,22
480,19.2,13,8,21
481,19.24,13,8,21
482,19.28,14,9,23
483,19.32,14,9,23
484,19.36,15,9,24
485,19.4,15,9,24
486,19.44,13,9,22
487,19.48,14,10,24
488,19.52,14,10,24
489,19.56,14,10,24
490,19.6,14,10,24
491,19.64,13,11,24
492,19.68,13,11,24
493,19.72,13,11,24
494,19.76,13,11,24
495,19.8,13,11,24
496,19.84,13,11,24
497,19.88,13,11,24
498,19.92,13,11,24
499,19.96,14,10,24
500,20.0,13,10,23
501,20.04,13,10,23
502,20.08,13,10,23
503,20.12,13,10,23
504,20.16,13,11,24
505,20.2,15,11,26
506,20.24,14,11,25
507,20.28,14,11,25
508,20.32,14,10,24
509,20.36,14,11,25
510,20.4,13,11,24
511,20.44,12,11,23
512,20.48,11,12,23
513,20.52,12,12,24
514,20.56,11,12,23
515,20.6,11,12,23
516,20.64,11,11,22
517,20.68,11,11,22
518,20.72,11,11,22
519,20.76,11,11,22
520,20.8,11,11,22
521,20.84,11,10,21
522,20.88,11,11,22
523,20.92,11,11,22
524,20.96,11,11,22
525,21.0,11,11,22
526,21.04,11,11,22
527,21.08,11,11,22
528,21.12,11,10,21
529,21.16,11,10,21
530,21.2,11,10,21
531,21.24,11,10,21
532,21.28,11,10,21
533,21.32,11,10,21
534,21.36,11,10,21
535,21.4,11,12,23
536,21.44,11,12,23
537,21.48,11,12,23
538,21.52,12,12,24
539,21.56,11,13,24
540,21.6,11,10,21
541,21.64,11,11,22
542,21.68,9,11,20
543,21.72,9,11,20
544,21.76,10,11,21
545,21.8,8,11,19
546,21.84,9,10,19
547,21.88,9,12,21
548,21.92,9,12,21
549,21.96,9,12,21
550,22.0,9,12,21
551,22.04,9,12,21
552,22.08,8,13,21
553,22.12,8,13,21
554,22.16,7,13,20
555,22.2,7,13,20
556,22.24,7,11,18
557,22.28,7,11,18
558,22.32,7,11,18
559,22.36,7,11,18
560,22.4,7,11,18
561,22.44,8,11,19
562,22.48,8,12,20
563,22.52,8,11,19
564,22.56,7,11,18
565,22.6,7,10,17
566,22.64,7,10,17
567,22.68,8,10,18
568,22.72,8,10,18
569,22.76,8,10,18
570,22.8,8,9,17
571,22.84,8,9,17
572,22.88,8,10,18
573,22.92,8,10,18
574,22.96,8,10,18
575,23.0,8,10,18
576,23.04,7,10,17
577,23.08,8,10,18
578,23.12,8,10,18
579,23.16,8,10,18
580,23.2,9,11,20
581,23.24,9,11,20
582,23.28,9,11,20
583,23.32,9,11,20
584,23.36,9,12,21
585,23.4,8,12,20
586,23.44,8,12,20
587,23.48,8,12,20
588,23.52,8,12,20
589,23.56,9,12,21
590,23.6,9,12,21
591,23.64,9,12,21
592,23.68,9,12,21
593,23.72,9,12,21
594,23.76,9,12,21
595,23.8,7,12,19
596,23.84,8,12,20
597,23.88,7,12,19
598,23.92,7,12,19
599,23.96,7,11,18
600,24.0,7,12,19
601,24.04,7,12,19
602,24.08,8,12,20
603,24.12,8,12,20
604,24.16,8,12,20
605,24.2,8,12,20
606,24.24,8,11,19
607,24.28,8,11,19
608,24.32,8,11,19
609,24.36,9,11,20
610,24.4,9,11,20
611,24.44,9,11,20
612,24.48,9,11,20
613,24.52,9,11,20
614,24.56,10,12,22
615,24.6,10,12,22
616,24.64,10,12,22
617,24.68,10,11,21
618,24.72,10,11,21
619,24.76,10,11,21
620,24.8,10,11,21
621,24.84,10,11,21
622,24.88,11,11,22
623,24.92,11,11,22
624,24.96,11,11,22
625,25.0,11,11,22
626,25.04,11,11,22
627,25.08,11,11,22
628,25.12,9,11,20
629,25.16,10,11,21
630,25.2,10,12,22
631,25.24,10,12,22
632,25.28,10,12,22
633,25.32,10,12,22
634,25.36,10,12,22
635,25.4,10,12,22
636,25.44,10,12,22
637,25.48,11,13,24
638,25.52,11,13,24
639,25.56,11,12,23
640,25.6,11,12,23
641,25.64,11,11,22
642,25.68,11,11,22
643,25.72,11,10,21
644,25.76,11,11,22
645,25.8,12,11,23
646,25.84,12,12,24
647,25.88,12,13,25
648,25.92,12,12,24
649,25.96,11,12,23
650,26.0,11,12,23
651,26.04,11,14,25
652,26.08,11,14,25
653,26.12,11,13,24
654,26.16,11,13,24
655,26.2,11,13,24
656,26.24,11,13,24
657,26.28,11,13,24
658,26.32,11,13,24
659,26.36,11,13,24
660,26.4,11,13,24
661,26.44,11,12,23
662,26.48,11,12,23
663,26.52,11,14,25
664,26.56,11,14,25
665,26.6,11,12,23
666,26.64,11,13,24
667,26.68,11,13,24
668,26.72,12,13,25
669,26.76,12,13,25
670,26.8,11,14,25
671,26.84,11,14,25
672,26.88,11,14,25
673,26.92,11,14,25
674,26.96,11,15,26
675,27.0,11,14,25
676,27.04,11,14,25
677,27.08,11,14,25
678,27.12,11,15,26
679,27.16,11,15,26
680,27.2,11,15,26
681,27.24,11,15,26
682,27.28,11,15,26
683,27.32,10,15,25
684,27.36,10,15,25
685,27.4,10,15,25
686,27.44,10,14,24
687,27.48,10,14,24
688,27.52,10,14,24
689,27.56,10,14,24
690,27.6,10,12,22
691,27.64,10,13,23
692,27.68,10,13,23
693,27.72,11,13,24
694,27.76,11,14,25
695,27.8,11,14,25
696,27.84,11,15,26
697,27.88,11,16,27
698,27.92,12,15,27
699,27.96,12,16,28
700,28.0,11,16,27
701,28.04,12,15,27
702,28.08,10,15,25
703,28.12,10,14,24
704,28.16,10,14,24
705,28.2,11,15,26
706,28.24,9,15,24
707,28.28,9,14,23
708,28.32,10,14,24
709,28.36,9,14,23
710,28.4,9,14,23
711,28.44,9,14,23
712,28.48,9,14,23
713,28.52,9,15,24
714,28.56,9,14,23
715,28.6,9,14,23
716,28.64,9,14,23
717,28.68,9,15,24
718,28.72,10,15,25
719,28.76,10,12,22
720,28.8,10,13,23
721,28.84,10,14,24
722,28.88,10,13,23
723,28.92,10,13,23
724,28.96,10,13,23
725,29.0,10,13,23
726,29.04,10,13,23
727,29.08,10,13,23
728,29.12,10,13,23
729,29.16,9,13,22
730,29.2,9,13,22
731,29.24,9,14,23
732,29.28,9,14,23
733,29.32,9,12,21
734,29.36,9,12,21
735,29.4,9,11,20
736,29.44,9,11,20
737,29.48,9,11,20
738,29.52,10,11,21
739,29.56,9,11,20
740,29.6,9,11,20
741,29.64,10,11,21
742,29.68,10,11,21
743,29.72,10,11,21
744,29.76,9,12,21
745,29.8,9,11,20
746,29.84,9,12,21
747,29.88,9,12,21
748,29.92,9,10,19
749,29.96,9,11,20
750,30.0,9,11,20
751,30.04,9,10,19
752,30.08,10,10,20
753,30.12,10,11,21
754,30.16,10,11,21
755,30.2,10,11,21
756,30.24,9,11,20
757,30.28,9,11,20
758,30.32,9,11,20
759,30.36,8,10,18
760,30.4,8,11,19
761,30.44,8,11,19
762,30.48,8,11,19
763,30.52,8,11,19
764,30.56,8,11,19
765,30.6,7,11,18
766,30.64,8,11,19
767,30.68,8,11,19
768,30.72,8,12,20
769,30.76,8,11,19
770,30.8,8,11,19
771,30.84,9,11,20
772,30.88,9,11,20
773,30.92,10,12,22
774,30.96,10,12,22
775,31.0,10,12,22
776,31.04,10,11,21
777,31.08,10,11,21
778,31.12,10,11,21
779,31.16,10,9,19
780,31.2,10,9,19
781,31.24,10,9,19
782,31.28,10,10,20
783,31.32,10,10,20
784,31.36,10,9,19
785,31.4,10,9,19
786,31.44,10,9,19
787,31.48,10,9,19
788,31.52,10,9,19
789,31.56,10,9,19
790,31.6,10,9,19
791,31.64,8,9,17
792,31.68,9,9,18
793,31.72,11,9,20
794,31.76,11,9,20
795,31.8,10,9,19
796,31.84,9,9,18
797,31.88,9,9,18
798,31.92,9,9,18
799,31.96,10,9,19
800,32.0,10,9,19
801,32.04,9,8,17
802,32.08,9,8,17
803,32.12,10,8,18
804,32.16,10,8,18
805,32.2,10,8,18
806,32.24,10,8,18
807,32.28,10,8,18
808,32.32,10,8,18
809,32.36,11,7,18
810,32.4,12,7,19
811,32.44,11,8,19
812,32.48,12,7,19
813,32.52,9,8,17
814,32.56,10,8,18
815,32.6,10,8,18
816,32.64,10,8,18
817,32.68,11,8,19
818,32.72,11,8,19
819,32.76,11,8,19
820,32.8,12,8,20
821,32.84,11,8,19
822,32.88,10,8,18
823,32.92,11,8,19
824,32.96,11,8,19
825,33.0,11,8,19
826,33.04,11,8,19
827,33.08,11,8,19
828,33.12,10,8,18
829,33.16,10,8,18
830,33.2,10,8,18
831,33.24,10,8,18
832,33.28,10,8,18
833,33.32,11,8,19
834,33.36,11,8,19
835,33.4,11,7,18
836,33.44,11,7,18
837,33.48,11,7,18
838,33.52,11,7,18
839,33.56,11,7,18
840,33.6,11,7,18
841,33.64,12,6,18
842,33.68,13,6,19
843,33.72,13,6,19
844,33.76,13,6,19
845,33.8,12,6,18
846,33.84,12,6,18
847,33.88,12,5,17
848,33.92,10,5,15
849,33.96,8,5,13
850,34.0,9,5,14
851,34.04,10,5,15
852,34.08,12,5,17
853,34.12,11,5,16
854,34.16,11,5,16
855,34.2,13,5,18
856,34.24,12,5,17
857,34.28,12,5,17
858,34.32,13,5,18
859,34.36,13,5,18
860,34.4,12,5,17
861,34.44,12,5,17
862,34.48,12,5,17
863,34.52,13,5,18
864,34.56,12,5,17
865,34.6,13,5,18
866,34.64,11,4,15
867,34.68,10,4,14
868,34.72,10,4,14
869,34.76,10,4,14
870,34.8,13,4,17
871,34.84,13,4,17
872,34.88,14,4,18
873,34.92,11,4,15
874,34.96,13,4,17
875,35.0,10,4,14
876,35.04,9,4,13
877,35.08,9,5,14
878,35.12,11,5,16
879,35.16,11,5,16
880,35.2,12,5,17
881,35.24,11,5,16
882,35.28,11,5,16
883,35.32,11,5,16
884,35.36,11,5,16
885,35.4,11,5,16
886,35.44,11,5,16
887,35.48,11,5,16
888,35.52,10,5,15
889,35.56,10,5,15
890,35.6,10,5,15
891,35.64,10,5,15
892,35.68,10,5,15
893,35.72,10,5,15
894,35.76,11,5,16
895,35.8,11,5,16
896,35.84,11,5,16
897,35.88,11,5,16
898,35.92,13,4,17
899,35.96,14,4,18
900,36.0,14,4,18
901,36.04,14,4,18
902,36.08,14,5,19
903,36.12,13,5,18
904,36.16,13,6,19
905,36.2,13,6,19
906,36.24,14,6,20
907,36.28,14,6,20
908,36.32,14,6,20
909,36.36,12,6,18
910,36.4,12,6,18
911,36.44,12,5,17
912,36.48,12,6,18
913,36.52,12,6,18
914,36.56,12,6,18
915,36.6,12,7,19
916,36.64,12,7,19
917,36.68,12,6,18
918,36.72,13,6,19
919,36.76,13,7,20
920,36.8,14,8,22
921,36.84,14,8,22
922,36.88,13,8,21
923,36.92,13,7,20
924,36.96,14,8,22
925,37.0,14,6,20
926,37.04,14,6,20
927,37.08,14,6,20
928,37.12,14,6,20
929,37.16,16,6,22
930,37.2,15,7,22
931,37.24,15,6,21
932,37.28,15,6,21
933,37.32,13,7,20
934,37.36,13,7,20
935,37.4,14,7,21
936,37.44,12,7,19
937,37.48,12,7,19
938,37.52,12,8,20
939,37.56,13,8,21
940,37.6,14,7,21
941,37.64,14,7,21
942,37.68,13,7,20
943,37.72,13,6,19
944,37.76,13,6,19
945,37.8,14,6,20
946,37.84,14,5,19
947,37.88,14,6,20
948,37.92,14,6,20
949,37.96,14,6,20
950,38.0,14,6,20
951,38.04,14,6,20
952,38.08,14,6,20
953,38.12,14,7,21
954,38.16,15,7,22
955,38.2,15,7,22
956,38.24,16,7,23
957,38.28,13,7,20
958,38.32,14,7,21
959,38.36,15,7,22
960,38.4,15,7,22
961,38.44,15,6,21
962,38.48,14,6,20
963,38.52,14,6,20
964,38.56,14,6,20
965,38.6,13,6,19
966,38.64,12,6,18
967,38.68,13,6,19
968,38.72,12,7,19
969,38.76,13,7,20
970,38.8,12,8,20
971,38.84,12,8,20
972,38.88,12,8,20
973,38.92,11,8,19
974,38.96,12,8,20
975,39.0,13,8,21
976,39.04,13,8,21
977,39.08,12,6,18
978,39.12,12,7,19
979,39.16,11,8,19
980,39.2,11,8,19
981,39.24,11,8,19
982,39.28,11,8,19
983,39.32,10,8,18
984,39.36,10,8,18
985,39.4,10,8,18
986,39.44,10,8,18
987,39.48,10,8,18
988,39.52,10,8,18
989,39.56,10,7,17
990,39.6,10,7,17
991,39.64,10,7,17
992,39.68,11,7,18
993,39.72,10,7,17
994,39.76,10,7,17
995,39.8,10,8,18
996,39.84,11,8,19
997,39.88,10,8,18
998,39.92,10,8,18
999,39.96,10,9,19
1000,40.0,9,9,18
1001,40.04,9,8,17
1002,40.08,9,8,17
1003,40.12,9,8,17
1004,40.16,8,8,16
1005,40.2,7,8,15
1006,40.24,7,8,15
1007,40.28,7,8,15
1008,40.32,7,8,15
1009,40.36,7,8,15
1010,40.4,7,8,15
1011,40.44,8,8,16
1012,40.48,7,10,17
1013,40.52,7,11,18
1014,40.56,8,11,19
1015,40.6,7,11,18
1016,40.64,8,11,19
1017,40.68,8,11,19
1018,40.72,7,11,18
1019,40.76,8,11,19
1020,40.8,8,10,18
1021,40.84,9,10,19
1022,40.88,8,10,18
1023,40.92,8,10,18
1024,40.96,8,10,18
1025,41.0,8,10,18
1026,41.04,8,11,19
1027,41.08,8,11,19
1028,41.12,8,11,19
1029,41.16,8,11,19
1030,41.2,6,11,17
1031,41.24,7,11,18
1032,41.28,6,9,15
1033,41.32,7,10,17
1034,41.36,7,10,17
1035,41.4,7,11,18
1036,41.44,7,11,18
1037,41.48,7,11,18
1038,41.52,7,9,16
1039,41.56,7,10,17
1040,41.6,7,10,17
1041,41.64,7,10,17
1042,41.68,7,10,17
1043,41.72,7,10,17
1044,41.76,7,10,17
1045,41.8,7,10,17
1046,41.84,6,11,17
1047,41.88,6,10,16
1048,41.92,6,10,16
1049,41.96,6,10,16
1050,42.0,6,10,16
1051,42.04,6,10,16
1052,42.08,7,10,17
1053,42.12,6,10,16
1054,42.16,6,10,16
1055,42.2,7,10,17
1056,42.24,6,10,16
1057,42.28,6,10,16
1058,42.32,7,10,17
1059,42.36,7,10,17
1060,42.4,7,10,17
1061,42.44,7,10,17
1062,42.48,7,10,17
1063,42.52,7,10,17
1064,42.56,7,10,17
1065,42.6,7,10,17
1066,42.64,7,8,15
1067,42.68,7,9,16
1068,42.72,7,9,16
1069,42.76,7,10,17
1070,42.8,6,8,14
1071,42.84,6,8,14
1072,42.88,6,9,15
1073,42.92,6,9,15
1074,42.96,6,8,14
1075,43.0,6,9,15
1076,43.04,6,9,15
1077,43.08,6,9,15
1078,43.12,7,8,15
1079,43.16,7,8,15
1080,43.2,7,8,15
1081,43.24,7,9,16
1082,43.28,7,9,16
1083,43.32,7,9,16
1084,43.36,7,9,16
1085,43.4,7,9,16
1086,43.44,7,9,16
1087,43.48,6,9,15
1088,43.52,6,8,14
1089,43.56,5,8,13
1090,43.6,4,8,12
1091,43.64,5,8,13
1092,43.68,5,8,13
1093,43.72,4,8,12
1094,43.76,5,8,13
1095,43.8,5,9,14
1096,43.84,5,9,14
1097,43.88,5,9,14
1098,43.92,5,9,14
1099,43.96,5,9,14
1100,44.0,4,10,14
1101,44.04,4,10,14
1102,44.08,4,10,14
1103,44.12,5,8,13
1104,44.16,5,8,13
1105,44.2,6,10,16
1106,44.24,6,9,15
1107,44.28,6,10,16
1108,44.32,6,10,16
1109,44.36,6,11,17
1110,44.4,6,9,15
1111,44.44,6,10,16
1112,44.48,6,10,16
1113,44.52,6,11,17
1114,44.56,6,11,17
1115,44.6,6,10,16
1116,44.64,6,10,16
1117,44.68,6,10,16
1118,44.72,6,10,16
1119,44.76,6,10,16
1120,44.8,6,10,16
1121,44.84,6,11,17
1122,44.88,6,11,17
1123,44.92,6,12,18
1124,44.96,6,11,17
1125,45.0,6,12,18
1126,45.04,6,12,18
1127,45.08,6,12,18
1128,45.12,6,11,17
1129,45.16,6,11,17
1130,45.2,6,12,18
1131,45.24,7,12,19
1132,45.28,7,12,19
1133,45.32,7,12,19
1134,45.36,7,12,19
1135,45.4,7,12,19
1136,45.44,8,11,19
1137,45.48,8,11,19
1138,45.52,7,11,18
1139,45.56,7,11,18
1140,45.6,7,11,18
1141,45.64,7,12,19
1142,45.68,8,12,20
1143,45.72,8,12,20
1144,45.76,8,12,20
1145,45.8,8,12,20
1146,45.84,8,12,20
1147,45.88,8,12,20
1148,45.92,8,12,20
1149,45.96,8,12,20
1150,46.0,8,12,20
1151,46.04,8,12,20
1152,46.08,8,12,20
1153,46.12,8,12,20
1154,46.16,8,12,20
1155,46.2,8,12,20
1156,46.24,8,12,20
1157,46.28,8,11,19
1158,46.32,8,11,19
1159,46.36,8,11,19
1160,46.4,8,11,19
1161,46.44,8,11,19
1162,46.48,8,10,18
1163,46.52,8,10,18
1164,46.56,7,10,17
1165,46.6,7,11,18
1166,46.64,7,11,18
1167,46.68,7,11,18
1168,46.72,7,11,18
1169,46.76,7,11,18
1170,46.8,7,12,19
1171,46.84,7,12,19
1172,46.88,7,12,19
1173,46.92,7,12,19
1174,46.96,7,12,19
1175,47.0,7,12,19
1176,47.04,7,12,19
1177,47.08,7,12,19
1178,47.12,7,12,19
1179,47.16,7,12,19
1180,47.2,7,11,18
1181,47.24,7,11,18
1182,47.28,7,12,19
1183,47.32,7,12,19
1184,47.36,7,12,19
1185,47.4,7,12,19
1186,47.44,7,12,19
1187,47.48,7,12,19
1188,47.52,7,12,19
1189,47.56,7,12,19
1190,47.6,7,12,19
1191,47.64,7,12,19
1192,47.68,8,12,20
1193,47.72,8,12,20
1194,47.76,8,12,20
1195,47.8,8,12,20
1196,47.84,8,12,20
1197,47.88,8,12,20
1198,47.92,8,12,20
1199,47.96,8,13,21
1200,48.0,8,12,20
1201,48.04,8,12,20
1202,48.08,8,12,20
1203,48.12,8,13,21
1204,48.16,8,13,21
1205,48.2,8,13,21
1206,48.24,8,13,21
1207,48.28,8,13,21
1208,48.32,8,13,21
1209,48.36,8,13,21
1210,48.4,8,13,21
1211,48.44,8,13,21
1212,48.48,8,13,21
1213,48.52,8,13,21
1214,48.56,7,13,20
1215,48.6,8,13,21
1216,48.64,6,13,19
1217,48.68,6,12,18
1218,48.72,6,12,18
1219,48.76,6,12,18
1220,48.8,7,12,19
1221,48.84,7,12,19
1222,48.88,7,12,19
1223,48.92,7,12,19
1224,48.96,8,12,20
1225,49.0,7,13,20
1226,49.04,7,13,20
1227,49.08,7,13,20
1228,49.12,7,13,20
1229,49.16,7,13,20
1230,49.2,7,13,20
1231,49.24,7,12,19
1232,49.28,7,11,18
1233,49.32,7,11,18
1234,49.36,7,11,18
1235,49.4,8,11,19
1236,49.44,7,11,18
1237,49.48,7,11,18
1238,49.52,6,11,17
1239,49.56,6,11,17
1240,49.6,6,13,19
1241,49.64,6,13,19
1242,49.68,6,13,19
1243,49.72,6,13,19
1244,49.76,5,13,18
1245,49.8,6,13,19
1246,49.84,5,14,19
1247,49.88,5,14,19
1248,49.92,5,13,18
1249,49.96,5,12,17
1250,50.0,5,12,17
1251,50.04,5,12,17
1252,50.08,5,12,17
1253,50.12,5,12,17
1254,50.16,5,11,16
1255,50.2,5,11,16
1256,50.24,5,11,16
1257,50.28,5,11,16
1258,50.32,5,12,17
1259,50.36,5,12,17
1260,50.4,5,12,17
1261,50.44,4,11,15
1262,50.48,4,11,15
1263,50.52,5,11,16
1264,50.56,5,11,16
1265,50.6,5,11,16
1266,50.64,5,11,16
1267,50.68,5,11,16
1268,50.72,5,11,16
1269,50.76,5,12,17
1270,50.8,5,12,17
1271,50.84,5,12,17
1272,50.88,5,12,17
1273,50.92,5,12,17
1274,50.96,5,12,17
1275,51.0,5,11,16
1276,51.04,5,11,16
1277,51.08,5,11,16
1278,51.12,5,13,18
1279,51.16,6,13,19
1280,51.2,6,13,19
1281,51.24,6,13,19
1282,51.28,6,13,19
1283,51.32,6,13,19
1284,51.36,6,13,19
1285,51.4,6,13,19
1286,51.44,6,13,19
1287,51.48,6,13,19
1288,51.52,6,13,19
1289,51.56,6,13,19
1290,51.6,6,13,19
1291,51.64,6,13,19
1292,51.68,6,13,19
1293,51.72,5,13,18
1294,51.76,5,14,19
1295,51.8,5,14,19
1296,51.84,5,13,18
1297,51.88,5,13,18
1298,51.92,5,13,18
1299,51.96,5,14,19
1300,52.0,5,14,19
1301,52.04,6,15,21
1302,52.08,6,15,21
1303,52.12,6,14,20
1304,52.16,6,14,20
1305,52.2,6,14,20
1306,52.24,6,14,20
1307,52.28,6,14,20
1308,52.32,6,14,20
1309,52.36,6,14,20
1310,52.4,6,14,20
1311,52.44,6,14,20
1312,52.48,6,13,19
1313,52.52,7,13,20
1314,52.56,7,13,20
1315,52.6,7,14,21
1316,52.64,7,13,20
1317,52.68,7,13,20
1318,52.72,8,13,21
1319,52.76,8,13,21
1320,52.8,8,13,21
1321,52.84,8,12,20
1322,52.88,8,12,20
1323,52.92,8,12,20
1324,52.96,8,12,20
1325,53.0,8,11,19
1326,53.04,8,11,19
1327,53.08,8,11,19
1328,53.12,8,11,19
1329,53.16,8,11,19
1330,53.2,8,11,19
1331,53.24,8,11,19
1332,53.28,9,11,20
1333,53.32,9,11,20
1334,53.36,10,12,22
1335,53.4,10,12,22
1336,53.44,10,12,22
1337,53.48,11,12,23
1338,53.52,11,12,23
1339,53.56,11,12,23
1340,53.6,10,12,22
1341,53.64,11,10,21
1342,53.68,11,11,22
1343,53.72,9,11,20
1344,53.76,10,12,22
1345,53.8,10,12,22
1346,53.84,10,12,22
1347,53.88,10,12,22
1348,53.92,10,12,22
1349,53.96,10,12,22
1350,54.0,10,12,22
1351,54.04,10,12,22
1352,54.08,10,12,22
1353,54.12,10,12,22
1354,54.16,10,12,22
1355,54.2,10,13,23
1356,54.24,10,13,23
1357,54.28,10,14,24
1358,54.32,10,14,24
1359,54.36,10,14,24
1360,54.4,10,13,23
1361,54.44,10,13,23
1362,54.48,10,13,23
1363,54.52,10,13,23
1364,54.56,9,13,22
1365,54.6,9,13,22
1366,54.64,9,13,22
1367,54.68,9,13,22
1368,54.72,10,13,23
1369,54.76,9,12,21
1370,54.8,9,12,21
1371,54.84,9,12,21
1372,54.88,9,12,21
1373,54.92,10,12,22
1374,54.96,10,12,22
1375,55.0,11,12,23
1376,55.04,12,12,24
1377,55.08,12,12,24
1378,55.12,12,12,24
1379,55.16,12,12,24
1380,55.2,12,12,24
1381,55.24,12,12,24
1382,55.28,11,11,22
1383,55.32,11,11,22
1384,55.36,12,11,23
1385,55.4,12,12,24
1386,55.44,12,12,24
1387,55.48,11,13,24
1388,55.52,11,13,24
1389,55.56,11,13,24
1390,55.6,9,14,23
1391,55.64,10,14,24
1392,55.68,10,14,24
1393,55.72,10,13,23
1394,55.76,10,13,23
1395,55.8,10,13,23
1396,55.84,10,12,22
1397,55.88,10,14,24
1398,55.92,10,15,25
1399,55.96,10,15,25
1400,56.0,9,14,23
1401,56.04,9,15,24
1402,56.08,9,15,24
1403,56.12,9,14,23
1404,56.16,9,14,23
1405,56.2,9,13,22
1406,56.24,8,13,21
1407,56.28,8,13,21
1408,56.32,8,13,21
1409,56.36,7,13,20
1410,56.4,7,13,20
1411,56.44,8,13,21
1412,56.48,8,13,21
1413,56.52,8,14,22
1414,56.56,8,14,22
1415,56.6,8,14,22
1416,56.64,9,14,23
1417,56.68,9,14,23
1418,56.72,9,14,23
1419,56.76,9,13,22
1420,56.8,10,13,23
1421,56.84,10,13,23
1422,56.88,10,14,24
1423,56.92,10,14,24
1424,56.96,10,14,24
1425,57.0,10,15,25
1426,57.04,8,13,21
1427,57.08,9,14,23
1428,57.12,9,15,24
1429,57.16,9,15,24
1430,57.2,9,15,24
1431,57.24,9,15,24
1432,57.28,9,15,24
1433,57.32,9,15,24
1434,57.36,9,15,24
1435,57.4,9,15,24
1436,57.44,9,15,24
1437,57.48,9,14,23
1438,57.52,9,15,24
1439,57.56,10,15,25
1440,57.6,9,15,24
1441,57.64,8,15,23
1442,57.68,8,16,24
1443,57.72,8,16,24
1444,57.76,8,16,24
1445,57.8,8,16,24
1446,57.84,8,15,23
1447,57.88,7,17,24
1448,57.92,7,17,24
1449,57.96,7,17,24
1450,58.0,7,15,22
1451,58.04,7,16,23
1452,58.08,8,17,25
1453,58.12,8,17,25
1454,58.16,8,16,24
1455,58.2,8,16,24
1456,58.24,8,16,24
1457,58.28,8,17,25
1458,58.32,8,16,24
1459,58.36,8,13,21
1460,58.4,8,14,22
1461,58.44,8,14,22
1462,58.48,8,14,22
1463,58.52,8,14,22
1464,58.56,8,15,23
1465,58.6,7,15,22
1466,58.64,6,14,20
1467,58.68,6,14,20
1468,58.72,6,15,21
1469,58.76,6,15,21
1470,58.8,5,15,20
1471,58.84,5,13,18
1472,58.88,5,13,18
1473,58.92,5,13,18
1474,58.96,5,13,18
1475,59.0,5,13,18
1476,59.04,5,14,19
1477,59.08,5,14,19
1478,59.12,5,14,19
1479,59.16,5,14,19
1480,59.2,5,14,19
1481,59.24,5,14,19
1482,59.28,5,13,18
1483,59.32,5,13,18
1484,59.36,5,13,18
1485,59.4,5,14,19
1486,59.44,5,14,19
1487,59.48,5,14,19
1488,59.52,5,14,19
1489,59.56,5,14,19
1490,59.6,5,14,19
1491,59.64,5,14,19
1492,59.68,5,14,19
1493,59.72,6,14,20
1494,59.76,7,13,20
1495,59.8,7,15,22
1496,59.84,7,15,22
1497,59.88,7,16,23
1498,59.92,7,15,22
1499,59.96,7,15,22
1500,60.0,7,15,22
1501,60.04,7,14,21
1502,60.08,7,14,21
1503,60.12,7,13,20
1504,60.16,7,12,19
1505,60.2,7,12,19
1506,60.24,7,11,18
1507,60.28,7,11,18
1508,60.32,7,12,19
1509,60.36,6,12,18
1510,60.4,6,13,19
1511,60.44,6,11,17
1512,60.48,6,11,17
1513,60.52,6,11,17
1514,60.56,6,11,17
1515,60.6,6,11,17
1516,60.64,6,11,17
1517,60.68,6,11,17
1518,60.72,6,11,17
1519,60.76,6,12,18
1520,60.8,6,11,17
1521,60.84,6,11,17
1522,60.88,6,11,17
1523,60.92,6,11,17
1524,60.96,6,11,17
1525,61.0,6,11,17
1526,61.04,6,12,18
1527,61.08,6,12,18
1528,61.12,6,12,18
1529,61.16,6,12,18
1530,61.2,7,12,19
1531,61.24,7,12,19
1532,61.28,8,12,20
1533,61.32,8,12,20
1534,61.36,8,12,20
1535,61.4,8,12,20
1536,61.44,8,11,19
1537,61.48,9,11,20
1538,61.52,8,11,19
1539,61.56,8,11,19
1540,61.6,8,10,18
1541,61.64,9,10,19
1542,61.68,9,10,19
1543,61.72,10,10,20
1544,61.76,9,10,19
1545,61.8,8,10,18
1546,61.84,9,10,19
1547,61.88,9,10,19
1548,61.92,10,11,21
1549,61.96,8,11,19
1550,62.0,9,11,20
1551,62.04,9,11,20
1552,62.08,9,11,20
1553,62.12,9,11,20
1554,62.16,8,11,19
1555,62.2,8,11,19
1556,62.24,10,11,21
1557,62.28,10,11,21
1558,62.32,10,11,21
1559,62.36,10,11,21
1560,62.4,9,11,20
1561,62.44,9,11,20
1562,62.48,10,11,21
1563,62.52,10,11,21
1564,62.56,9,11,20
1565,62.6,9,11,20
1566,62.64,10,11,21
1567,62.68,10,11,21
1568,62.72,10,11,21
1569,62.76,10,11,21
1570,62.8,10,12,22
1571,62.84,10,11,21
1572,62.88,10,11,21
1573,62.92,10,12,22
1574,62.96,9,11,20
1575,63.0,9,10,19
1576,63.04,10,10,20
1577,63.08,8,10,18
1578,63.12,9,12,21
1579,63.16,9,12,21
1580,63.2,9,12,21
1581,63.24,10,12,22
1582,63.28,11,13,24
1583,63.32,11,12,23
1584,63.36,10,13,23
1585,63.4,10,13,23
1586,63.44,11,13,24
1587,63.48,12,13,25
1588,63.52,12,13,25
1589,63.56,12,13,25
1590,63.6,9,12,21
1591,63.64,10,13,23
1592,63.68,11,12,23
1593,63.72,11,12,23
1594,63.76,10,12,22
1595,63.8,11,12,23
1596,63.84,11,12,23
1597,63.88,9,12,21
1598,63.92,8,12,20
1599,63.96,9,13,22
1600,64.0,9,14,23
1601,64.04,10,14,24
1602,64.08,9,14,23
1603,64.12,9,14,23
1604,64.16,9,14,23
1605,64.2,9,14,23
1606,64.24,8,13,21
1607,64.28,7,13,20
1608,64.32,6,13,19
1609,64.36,6,13,19
1610,64.4,6,13,19
1611,64.44,7,12,19
1612,64.48,8,11,19
1613,64.52,7,11,18
1614,64.56,7,11,18
1615,64.6,7,11,18
1616,64.64,5,11,16
1617,64.68,6,12,18
1618,64.72,7,12,19
1619,64.76,6,12,18
1620,64.8,6,12,18
1621,64.84,6,12,18
1622,64.88,6,12,18
1623,64.92,6,11,17
1624,64.96,6,11,17
1625,65.0,6,12,18
1626,65.04,6,13,19
1627,65.08,6,13,19
1628,65.12,6,13,19
1629,65.16,6,13,19
1630,65.2,6,12,18
1631,65.24,6,12,18
1632,65.28,6,12,18
1633,65.32,6,12,18
1634,65.36,5,12,17
1635,65.4,5,12,17
1636,65.44,5,12,17
1637,65.48,5,13,18
1638,65.52,5,13,18
1639,65.56,5,12,17
1640,65.6,5,12,17
1641,65.64,5,13,18
1642,65.68,5,14,19
1643,65.72,5,14,19
1644,65.76,5,14,19
1645,65.8,5,14,19
1646,65.84,5,14,19
1647,65.88,5,14,19
1648,65.92,6,12,18
1649,65.96,6,13,19
1650,66.0,6,13,19
1651,66.04,6,13,19
1652,66.08,5,13,18
1653,66.12,5,13,18
1654,66.16,5,15,20
1655,66.2,5,13,18
1656,66.24,4,14,18
1657,66.28,5,13,18
1658,66.32,5,14,19
1659,66.36,5,14,19
1660,66.4,5,15,20
1661,66.44,5,15,20
1662,66.48,5,15,20
1663,66.52,5,15,20
1664,66.56,5,15,20
1665,66.6,5,15,20
1666,66.64,5,15,20
1667,66.68,5,13,18
1668,66.72,5,14,19
1669,66.76,5,14,19
1670,66.8,5,14,19
1671,66.84,5,14,19
1672,66.88,5,14,19
1673,66.92,5,14,19
1674,66.96,5,14,19
1675,67.0,5,14,19
1676,67.04,5,14,19
1677,67.08,5,14,19
1678,67.12,5,14,19
1679,67.16,6,14,20
1680,67.2,6,15,21
1681,67.24,7,15,22
1682,67.28,7,16,23
1683,67.32,7,16,23
1684,67.36,7,16,23
1685,67.4,6,16,22
1686,67.44,6,16,22
1687,67.48,6,16,22
1688,67.52,6,16,22
1689,67.56,6,16,22
1690,67.6,6,17,23
1691,67.64,5,18,23
1692,67.68,5,18,23
1693,67.72,5,18,23
1694,67.76,5,18,23
1695,67.8,4,20,24
1696,67.84,4,19,23
1697,67.88,4,19,23
1698,67.92,4,19,23
1699,67.96,4,19,23
1700,68.0,5,19,24
1701,68.04,5,17,22
1702,68.08,5,18,23
1703,68.12,5,18,23
1704,68.16,5,18,23
1705,68.2,5,18,23
1706,68.24,5,18,23
1707,68.28,5,18,23
1708,68.32,5,18,23
1709,68.36,5,17,22
1710,68.4,5,17,22
1711,68.44,5,16,21
1712,68.48,5,16,21
1713,68.52,5,16,21
1714,68.56,5,16,21
1715,68.6,5,17,22
1716,68.64,4,17,21
1717,68.68,4,17,21
1718,68.72,4,19,23
1719,68.76,4,19,23
1720,68.8,4,19,23
1721,68.84,4,18,22
1722,68.88,4,18,22
1723,68.92,4,18,22
1724,68.96,5,18,23
1725,69.0,5,18,23
1726,69.04,6,17,23
1727,69.08,6,17,23
1728,69.12,6,17,23
1729,69.16,6,16,22
1730,69.2,6,16,22
1731,69.24,6,15,21
1732,69.28,4,15,19
1733,69.32,5,16,21
1734,69.36,5,14,19
1735,69.4,5,15,20
1736,69.44,5,16,21
1737,69.48,5,15,20
1738,69.52,5,17,22
1739,69.56,5,17,22
1740,69.6,5,15,20
1741,69.64,6,15,21
1742,69.68,6,15,21
1743,69.72,6,15,21
1744,69.76,6,14,20
1745,69.8,6,14,20
1746,69.84,6,14,20
1747,69.88,6,14,20
1748,69.92,6,14,20
1749,69.96,6,15,21
1750,70.0,6,15,21
1751,70.04,6,15,21
1752,70.08,6,15,21
1753,70.12,6,15,21
1754,70.16,6,15,21
1755,70.2,6,15,21
1756,70.24,6,15,21
1757,70.28,7,15,22
1758,70.32,7,15,22
1759,70.36,7,14,21
1760,70.4,7,14,21
1761,70.44,7,14,21
1762,70.48,7,14,21
1763,70.52,6,14,20
1764,70.56,5,15,20
1765,70.6,6,15,21
1766,70.64,6,15,21
1767,70.68,6,15,21
1768,70.72,6,15,21
1769,70.76,6,15,21
1770,70.8,6,15,21
1771,70.84,7,15,22
1772,70.88,7,15,22
1773,70.92,7,15,22
1774,70.96,8,17,25
1775,71.0,7,16,23
1776,71.04,7,16,23
1777,71.08,7,17,24
1778,71.12,8,17,25
1779,71.16,8,18,26
1780,71.2,8,18,26
1781,71.24,7,18,25
1782,71.28,8,17,25
1783,71.32,7,16,23
1784,71.36,7,14,21
1785,71.4,8,15,23
1786,71.44,8,15,23
1787,71.48,6,15,21
1788,71.52,7,15,22
1789,71.56,7,16,23
1790,71.6,6,15,21
1791,71.64,6,15,21
1792,71.68,6,15,21
1793,71.72,6,15,21
1794,71.76,6,15,21
1795,71.8,5,15,20
1796,71.84,5,15,20
1797,71.88,5,15,20
1798,71.92,5,15,20
1799,71.96,5,16,21
1800,72.0,5,16,21
1801,72.04,4,16,20
1802,72.08,4,16,20
1803,72.12,4,18,22
1804,72.16,4,18,22
1805,72.2,4,18,22
1806,72.24,5,18,23
1807,72.28,5,18,23
1808,72.32,5,18,23
1809,72.36,5,18,23
1810,72.4,5,18,23
1811,72.44,5,19,24
1812,72.48,5,19,24
1813,72.52,5,18,23
1814,72.56,5,18,23
1815,72.6,5,17,22
1816,72.64,5,18,23
1817,72.68,5,16,21
1818,72.72,5,15,20
1819,72.76,5,15,20
1820,72.8,5,15,20
1821,72.84,5,13,18
1822,72.88,5,15,20
1823,72.92,5,15,20
1824,72.96,5,15,20
1825,73.0,5,14,19
1826,73.04,5,15,20
1827,73.08,5,15,20
1828,73.12,5,15,20
1829,73.16,5,15,20
1830,73.2,4,15,19
1831,73.24,4,15,19
1832,73.28,4,14,18
1833,73.32,4,14,18
1834,73.36,3,14,17
1835,73.4,3,14,17
1836,73.44,3,14,17
1837,73.48,3,14,17
1838,73.52,4,14,18
1839,73.56,4,14,18
1840,73.6,4,14,18
1841,73.64,4,15,19
1842,73.68,4,15,19
1843,73.72,4,15,19
1844,73.76,4,15,19
1845,73.8,4,15,19
1846,73.84,5,15,20
1847,73.88,5,16,21
1848,73.92,5,16,21
1849,73.96,6,17,23
1850,74.0,5,17,22
1851,74.04,5,17,22
1852,74.08,6,17,23
1853,74.12,6,17,23
1854,74.16,6,17,23
1855,74.2,5,17,22
1856,74.24,5,17,22
1857,74.28,6,16,22
1858,74.32,6,16,22
1859,74.36,7,16,23
1860,74.4,6,17,23
1861,74.44,7,17,24
1862,74.48,7,17,24
1863,74.52,7,17,24
1864,74.56,7,16,23
1865,74.6,7,15,22
1866,74.64,7,15,22
1867,74.68,7,15,22
1868,74.72,7,15,22
1869,74.76,7,15,22
1870,74.8,8,14,22
1871,74.84,9,14,23
1872,74.88,10,14,24
1873,74.92,10,14,24
1874,74.96,10,14,24
1875,75.0,11,14,25
1876,75.04,11,15,26
1877,75.08,10,16,26
1878,75.12,10,17,27
1879,75.16,10,14,24
1880,75.2,8,14,22
1881,75.24,9,16,25
1882,75.28,9,16,25
1883,75.32,9,15,24
1884,75.36,9,13,22
1885,75.4,10,12,22
1886,75.44,9,12,21
1887,75.48,9,12,21
1888,75.52,8,13,21
1889,75.56,8,13,21
1890,75.6,9,13,22
1891,75.64,9,13,22
1892,75.68,8,13,21
1893,75.72,8,12,20
1894,75.76,8,12,20
1895,75.8,8,12,20
1896,75.84,8,13,21
1897,75.88,10,14,24
1898,75.92,10,14,24
1899,75.96,8,14,22
1900,76.0,8,14,22
1901,76.04,10,15,25
1902,76.08,8,13,21
1903,76.12,9,14,23
1904,76.16,9,15,24
1905,76.2,9,15,24
1906,76.24,9,15,24
1907,76.28,9,15,24
1908,76.32,9,13,22
1909,76.36,9,13,22
1910,76.4,9,13,22
1911,76.44,8,13,21
1912,76.48,8,12,20
1913,76.52,9,13,22
1914,76.56,9,13,22
1915,76.6,9,14,23
1916,76.64,9,14,23
1917,76.68,9,14,23
1918,76.72,8,14,22
1919,76.76,8,13,21
1920,76.8,8,13,21
1921,76.84,8,14,22
1922,76.88,8,14,22
1923,76.92,8,14,22
1924,76.96,7,15,22
1925,77.0,8,14,22
1926,77.04,8,14,22
1927,77.08,8,14,22
1928,77.12,8,15,23
1929,77.16,8,14,22
1930,77.2,8,14,22
1931,77.24,8,12,20
1932,77.28,8,11,19
1933,77.32,8,12,20
1934,77.36,8,10,18
1935,77.4,8,11,19
1936,77.44,8,12,20
1937,77.48,8,13,21
1938,77.52,9,14,23
1939,77.56,10,12,22
1940,77.6,10,13,23
1941,77.64,7,13,20
1942,77.68,7,13,20
1943,77.72,7,13,20
1944,77.76,7,13,20
1945,77.8,7,14,21
1946,77.84,7,14,21
1947,77.88,8,14,22
1948,77.92,7,14,21
1949,77.96,7,14,21
1950,78.0,7,14,21
1951,78.04,7,14,21
1952,78.08,7,14,21
1953,78.12,7,13,20
1954,78.16,8,13,21
1955,78.2,8,14,22
1956,78.24,7,13,20
1957,78.28,8,13,21
1958,78.32,8,13,21
1959,78.36,8,13,21
1960,78.4,8,13,21
1961,78.44,8,14,22
1962,78.48,8,13,21
1963,78.52,8,13,21
1964,78.56,8,12,20
1965,78.6,7,12,19
1966,78.64,7,12,19
1967,78.68,7,11,18
1968,78.72,8,10,18
1969,78.76,8,12,20
1970,78.8,7,11,18
1971,78.84,8,12,20
1972,78.88,8,12,20
1973,78.92,7,12,19
1974,78.96,8,12,20
1975,79.0,9,11,20
1976,79.04,9,10,19
1977,79.08,8,10,18
1978,79.12,9,11,20
1979,79.16,8,10,18
1980,79.2,8,10,18
1981,79.24,8,10,18
1982,79.28,8,10,18
1983,79.32,8,10,18
1984,79.36,6,10,16
1985,79.4,7,10,17
1986,79.44,8,11,19
1987,79.48,8,11,19
1988,79.52,8,11,19
1989,79.56,9,11,20
1990,79.6,9,11,20
1991,79.64,9,11,20
1992,79.68,8,11,19
1993,79.72,9,11,20
1994,79.76,10,11,21
1995,79.8,9,11,20
1996,79.84,10,11,21
1997,79.88,9,12,21
1998,79.92,10,11,21
1999,79.96,10,13,23
2000,80.0,10,13,23
2001,80.04,10,13,23
2002,80.08,9,12,21
2003,80.12,8,13,21
2004,80.16,8,13,21
2005,80.2,8,13,21
2006,80.24,8,13,21
2007,80.28,8,14,22
2008,80.32,8,14,22
2009,80.36,8,13,21
2010,80.4,8,13,21
2011,80.44,8,13,21
2012,80.48,8,13,21
2013,80.52,8,13,21
2014,80.56,8,12,20
2015,80.6,8,12,20
2016,80.64,8,12,20
2017,80.68,8,12,20
2018,80.72,8,11,19
2019,80.76,8,11,19
2020,80.8,8,12,20
2021,80.84,7,12,19
2022,80.88,7,12,19
2023,80.92,8,12,20
2024,80.96,8,12,20
2025,81.0,7,12,19
2026,81.04,7,12,19
2027,81.08,7,13,20
2028,81.12,8,13,21
2029,81.16,8,13,21
2030,81.2,8,13,21
2031,81.24,8,13,21
2032,81.28,8,13,21
2033,81.32,8,13,21
2034,81.36,8,13,21
2035,81.4,8,13,21
2036,81.44,8,14,22
2037,81.48,9,12,21
2038,81.52,8,14,22
2039,81.56,8,13,21
2040,81.6,8,13,21
2041,81.64,8,13,21
2042,81.68,8,13,21
2043,81.72,9,13,22
2044,81.76,9,13,22
2045,81.8,9,13,22
2046,81.84,9,13,22
2047,81.88,8,13,21
2048,81.92,8,12,20
2049,81.96,9,12,21
2050,82.0,9,12,21
2051,82.04,8,12,20
2052,82.08,8,13,21
2053,82.12,9,13,22
2054,82.16,9,13,22
2055,82.2,10,13,23
2056,82.24,11,13,24
2057,82.28,10,13,23
2058,82.32,8,12,20
2059,82.36,9,12,21
2060,82.4,8,12,20
2061,82.44,8,12,20
2062,82.48,8,12,20
2063,82.52,8,13,21
2064,82.56,9,13,22
2065,82.6,10,13,23
2066,82.64,10,14,24
2067,82.68,9,13,22
2068,82.72,9,13,22
2069,82.76,9,13,22
2070,82.8,10,13,23
2071,82.84,10,13,23
2072,82.88,9,13,22
2073,82.92,9,13,22
2074,82.96,9,13,22
2075,83.0,9,13,22
2076,83.04,9,13,22
2077,83.08,9,13,22
2078,83.12,8,13,21
2079,83.16,8,13,21
2080,83.2,8,12,20
2081,83.24,9,12,21
2082,83.28,8,12,20
2083,83.32,8,12,20
2084,83.36,8,12,20
2085,83.4,8,12,20
2086,83.44,8,12,20
2087,83.48,9,12,21
2088,83.52,10,12,22
2089,83.56,11,11,22
2090,83.6,11,11,22
2091,83.64,11,11,22
2092,83.68,11,10,21
2093,83.72,11,10,21
2094,83.76,11,12,23
2095,83.8,11,12,23
2096,83.84,11,13,24
2097,83.88,12,13,25
2098,83.92,12,13,25
2099,83.96,12,13,25
2100,84.0,12,14,26
2101,84.04,12,14,26
2102,84.08,11,14,25
2103,84.12,11,14,25
2104,84.16,11,14,25
2105,84.2,11,14,25
2106,84.24,11,14,25
2107,84.28,12,14,26
2108,84.32,12,14,26
2109,84.36,11,14,25
2110,84.4,11,14,25
2111,84.44,11,14,25
2112,84.48,11,14,25
2113,84.52,11,14,25
2114,84.56,11,15,26
2115,84.6,11,15,26
2116,84.64,11,15,26
2117,84.68,11,15,26
2118,84.72,10,16,26
2119,84.76,10,15,25
2120,84.8,10,15,25
2121,84.84,10,15,25
2122,84.88,10,15,25
2123,84.92,10,15,25
2124,84.96,10,15,25
2125,85.0,9,15,24
2126,85.04,9,15,24
2127,85.08,12,15,27
2128,85.12,11,15,26
2129,85.16,11,15,26
2130,85.2,10,15,25
2131,85.24,11,15,26
2132,85.28,11,15,26
2133,85.32,10,15,25
2134,85.36,9,15,24
2135,85.4,11,14,25
2136,85.44,10,13,23
2137,85.48,10,13,23
2138,85.52,11,13,24
2139,85.56,11,13,24
2140,85.6,10,13,23
2141,85.64,11,11,22
2142,85.68,12,11,23
2143,85.72,12,11,23
2144,85.76,11,11,22
2145,85.8,11,12,23
2146,85.84,11,12,23
2147,85.88,11,12,23
2148,85.92,12,11,23
2149,85.96,11,12,23
2150,86.0,11,12,23
2151,86.04,11,12,23
2152,86.08,12,12,24
2153,86.12,12,12,24
2154,86.16,13,12,25
2155,86.2,13,12,25
2156,86.24,13,11,24
2157,86.28,13,12,25
2158,86.32,13,14,27
2159,86.36,13,14,27
2160,86.4,13,14,27
2161,86.44,13,13,26
2162,86.48,13,13,26
2163,86.52,11,12,23
2164,86.56,9,12,21
2165,86.6,9,12,21
2166,86.64,9,12,21
2167,86.68,11,12,23
2168,86.72,11,13,24
2169,86.76,11,13,24
2170,86.8,11,13,24
2171,86.84,11,13,24
2172,86.88,11,13,24
2173,86.92,11,13,24
2174,86.96,11,12,23
2175,87.0,11,13,24
2176,87.04,11,15,26
2177,87.08,11,15,26
2178,87.12,11,14,25
2179,87.16,10,14,24
2180,87.2,10,14,24
2181,87.24,9,15,24
2182,87.28,9,15,24
2183,87.32,9,15,24
2184,87.36,9,15,24
2185,87.4,9,15,24
2186,87.44,9,14,23
2187,87.48,9,13,22
2188,87.52,9,13,22
2189,87.56,9,13,22
2190,87.6,10,13,23
2191,87.64,10,14,24
2192,87.68,10,15,25
2193,87.72,11,15,26
2194,87.76,12,15,27
2195,87.8,12,15,27
2196,87.84,9,15,24
2197,87.88,10,14,24
2198,87.92,11,14,25
2199,87.96,11,15,26
2200,88.0,10,14,24
2201,88.04,10,16,26
2202,88.08,11,15,26
2203,88.12,10,15,25
2204,88.16,7,15,22
2205,88.2,8,15,23
2206,88.24,8,14,22
2207,88.28,8,14,22
2208,88.32,10,13,23
2209,88.36,10,13,23
2210,88.4,9,13,22
2211,88.44,10,14,24
2212,88.48,8,14,22
2213,88.52,9,14,23
2214,88.56,9,15,24
2215,88.6,9,15,24
2216,88.64,8,15,23
2217,88.68,9,15,24
2218,88.72,9,15,24
2219,88.76,8,15,23
2220,88.8,8,16,24
2221,88.84,8,14,22
2222,88.88,8,15,23
2223,88.92,8,14,22
2224,88.96,8,14,22
2225,89.0,9,14,23
2226,89.04,8,14,22
2227,89.08,8,14,22
2228,89.12,5,13,18
2229,89.16,7,13,20
2230,89.2,7,13,20
2231,89.24,7,13,20
2232,89.28,7,13,20
2233,89.32,7,13,20
2234,89.36,7,13,20
2235,89.4,7,13,20
2236,89.44,7,13,20
2237,89.48,6,13,19
2238,89.52,7,13,20
2239,89.56,7,13,20
2240,89.6,5,13,18
2241,89.64,6,13,19
2242,89.68,6,14,20
2243,89.72,8,14,22
2244,89.76,8,15,23
2245,89.8,7,15,22
2246,89.84,7,15,22
2247,89.88,7,15,22
2248,89.92,7,15,22
2249,89.96,7,14,21
2250,90.0,7,16,23
2251,90.04,8,16,24
2252,90.08,7,16,23
2253,90.12,8,16,24
2254,90.16,7,16,23
2255,90.2,7,16,23
2256,90.24,7,16,23
2257,90.28,7,15,22
2258,90.32,7,15,22
2259,90.36,7,16,23
2260,90.4,7,16,23
2261,90.44,7,16,23
2262,90.48,8,16,24
2263,90.52,7,16,23
2264,90.56,7,16,23
2265,90.6,9,16,25
2266,90.64,9,16,25
2267,90.68,9,16,25
2268,90.72,8,16,24
2269,90.76,6,16,22
2270,90.8,8,15,23
2271,90.84,9,16,25
2272,90.88,9,14,23
2273,90.92,9,15,24
2274,90.96,9,15,24
2275,91.0,9,15,24
2276,91.04,9,15,24
2277,91.08,9,16,25
2278,91.12,9,17,26
2279,91.16,9,17,26
2280,91.2,9,17,26
2281,91.24,9,17,26
2282,91.28,9,16,25
2283,91.32,9,16,25
2284,91.36,9,16,25
2285,91.4,9,16,25
2286,91.44,9,15,24
2287,91.48,9,14,23
2288,91.52,10,14,24
2289,91.56,10,14,24
2290,91.6,10,16,26
2291,91.64,10,16,26
2292,91.68,10,16,26
2293,91.72,10,14,24
2294,91.76,10,17,27
2295,91.8,10,17,27
2296,91.84,10,17,27
2297,91.88,10,17,27
2298,91.92,10,17,27
2299,91.96,10,17,27
2300,92.0,10,17,27
2301,92.04,10,16,26
2302,92.08,10,16,26
2303,92.12,9,16,25
2304,92.16,10,15,25
2305,92.2,9,15,24
2306,92.24,9,15,24
2307,92.28,9,15,24
2308,92.32,9,16,25
2309,92.36,10,16,26
2310,92.4,10,15,25
2311,92.44,10,15,25
2312,92.48,10,15,25
2313,92.52,10,16,26
2314,92.56,10,16,26
2315,92.6,10,15,25
2316,92.64,10,15,25
2317,92.68,10,16,26
2318,92.72,11,17,28
2319,92.76,11,17,28
2320,92.8,11,17,28
2321,92.84,11,17,28
2322,92.88,11,15,26
2323,92.92,11,17,28
2324,92.96,11,17,28
2325,93.0,11,18,29
2326,93.04,11,18,29
2327,93.08,10,18,28
2328,93.12,9,18,27
2329,93.16,10,18,28
2330,93.2,10,18,28
2331,93.24,10,18,28
2332,93.28,10,18,28
2333,93.32,10,17,27
2334,93.36,10,18,28
2335,93.4,10,17,27
2336,93.44,11,17,28
2337,93.48,11,18,29
2338,93.52,11,17,28
2339,93.56,11,17,28
2340,93.6,11,17,28
2341,93.64,11,17,28
2342,93.68,11,17,28
2343,93.72,11,16,27
2344,93.76,11,16,27
2345,93.8,11,15,26
2346,93.84,11,15,26
2347,93.88,11,14,25
2348,93.92,11,14,25
2349,93.96,11,15,26
2350,94.0,10,15,25
2351,94.04,10,15,25
2352,94.08,10,16,26
2353,94.12,11,15,26
2354,94.16,11,15,26
2355,94.2,10,15,25
2356,94.24,10,16,26
2357,94.28,10,17,27
2358,94.32,10,17,27
2359,94.36,10,17,27
2360,94.4,10,17,27
2361,94.44,10,17,27
2362,94.48,11,17,28
2363,94.52,11,17,28
2364,94.56,11,17,28
2365,94.6,11,18,29
2366,94.64,11,18,29
2367,94.68,11,18,29
2368,94.72,10,17,27
2369,94.76,10,17,27
2370,94.8,9,18,27
2371,94.84,9,19,28
2372,94.88,9,20,29
2373,94.92,9,18,27
2374,94.96,9,18,27
2375,95.0,9,16,25
2376,95.04,9,16,25
2377,95.08,9,16,25
2378,95.12,9,15,24
2379,95.16,9,16,25
2380,95.2,10,16,26
2381,95.24,10,14,24
2382,95.28,10,14,24
2383,95.32,10,15,25
2384,95.36,10,16,26
2385,95.4,10,15,25
2386,95.44,9,14,23
2387,95.48,10,14,24
2388,95.52,10,15,25
2389,95.56,10,16,26
2390,95.6,10,16,26
2391,95.64,10,15,25
2392,95.68,10,15,25
2393,95.72,10,17,27
2394,95.76,10,15,25
2395,95.8,10,16,26
2396,95.84,10,17,27
2397,95.88,10,17,27
2398,95.92,10,17,27
2399,95.96,10,18,28
2400,96.0,10,18,28
2401,96.04,10,18,28
2402,96.08,10,18,28
2403,96.12,10,18,28
2404,96.16,10,18,28
2405,96.2,9,18,27
2406,96.24,9,18,27
2407,96.28,9,18,27
2408,96.32,9,18,27
2409,96.36,9,19,28
2410,96.4,10,18,28
2411,96.44,10,18,28
2412,96.48,9,16,25
2413,96.52,9,17,26
2414,96.56,9,18,27
2415,96.6,9,18,27
2416,96.64,9,17,26
2417,96.68,9,17,26
2418,96.72,9,17,26
2419,96.76,9,17,26
2420,96.8,9,17,26
2421,96.84,9,17,26
2422,96.88,9,17,26
2423,96.92,9,16,25
2424,96.96,9,16,25
2425,97.0,8,16,24
2426,97.04,8,15,23
2427,97.08,8,15,23
2428,97.12,8,15,23
2429,97.16,8,15,23
2430,97.2,8,16,24
2431,97.24,8,18,26
2432,97.28,8,20,28
2433,97.32,9,20,29
2434,97.36,9,20,29
2435,97.4,9,21,30
2436,97.44,9,20,29
2437,97.48,9,21,30
2438,97.52,9,20,29
2439,97.56,9,19,28
2440,97.6,9,18,27
2441,97.64,9,17,26
2442,97.68,9,18,27
2443,97.72,9,18,27
2444,97.76,9,18,27
2445,97.8,9,18,27
2446,97.84,8,18,26
2447,97.88,7,17,24
2448,97.92,7,16,23
2449,97.96,8,17,25
2450,98.0,8,18,26
2451,98.04,8,18,26
2452,98.08,8,15,23
2453,98.12,8,16,24
2454,98.16,8,16,24
2455,98.2,8,16,24
2456,98.24,8,16,24
2457,98.28,8,17,25
2458,98.32,8,17,25
2459,98.36,8,18,26
2460,98.4,7,18,25
2461,98.44,7,18,25
2462,98.48,7,16,23
2463,98.52,7,17,24
2464,98.56,7,17,24
2465,98.6,7,17,24
2466,98.64,7,16,23
2467,98.68,7,16,23
2468,98.72,8,16,24
2469,98.76,8,17,25
2470,98.8,8,17,25
2471,98.84,8,16,24
2472,98.88,8,16,24
2473,98.92,8,16,24
2474,98.96,8,14,22
2475,99.0,8,15,23
2476,99.04,7,14,21
2477,99.08,8,13,21
2478,99.12,7,13,20
2479,99.16,7,13,20
2480,99.2,7,13,20
2481,99.24,7,13,20
2482,99.28,8,14,22
2483,99.32,8,15,23
2484,99.36,9,16,25
2485,99.4,8,17,25
2486,99.44,8,18,26
2487,99.48,8,18,26
2488,99.52,8,18,26
2489,99.56,7,18,25
2490,99.6,7,17,24
2491,99.64,7,16,23
2492,99.68,8,16,24
2493,99.72,10,16,26
2494,99.76,10,16,26
